SWIR1,SWIR2,Blue,Green,Red,RedEdge1,RedEdge2,RedEdge3,NIR,NIR_Narrow,NDMI,NDVI,NDWI,Longitude,Latitude
1985,905,323,568,324,843,2238,2852,3015,3216,0.20600000023841858,0.8059298992156982,-0.6829472780227661,107.23742010434461,11.506834884636392
1967,842,327,622,327,968,2874,3697,3755,4069,0.3124781548976898,0.8397844433784485,-0.7157870531082153,107.36237576036564,11.72620347701838
1623,748,301,499,265,860,2282,2766,2459,3086,0.20480157434940338,0.8054332137107849,-0.662609875202179,107.35087732472891,11.446198602958324
1862,823,272,501,290,801,2332,2966,2971,3345,0.2294640988111496,0.8221404552459717,-0.7114055156707764,107.25772202976572,11.501894150573735
1627,728,326,514,316,798,2096,2586,2777,2927,0.26112625002861023,0.7956676483154297,-0.6876329183578491,107.35734519477457,11.405415089059298
1610,682,317,510,290,842,2753,3458,3356,3823,0.3515908122062683,0.8409215807914734,-0.7361614108085632,107.29203767361908,11.512943428568406
2012,964,341,536,357,888,2151,2747,2786,3131,0.16131721436977386,0.7728285193443298,-0.6773028373718262,107.3259939913588,11.693953958318488
2020,881,332,588,346,1028,3042,3712,4092,4049,0.3390052318572998,0.8440738916397095,-0.7487179636955261,107.52308436469463,11.797350047520645
1816,769,386,563,338,840,2504,3402,3724,3556,0.34440433979034424,0.8335795402526855,-0.7373454570770264,107.25251180111782,11.442156184179787
1546,704,226,390,247,688,1955,2387,2279,2675,0.19163398444652557,0.8044338822364807,-0.7077556848526001,107.51877245133085,11.721711900597782
1569,701,203,400,241,756,2150,2731,2753,2995,0.27394723892211914,0.8390113711357117,-0.746273398399353,107.42534766178242,11.757824175019387
1651,723,246,492,280,812,2290,2934,3111,3235,0.3065938651561737,0.8348569869995117,-0.7268942594528198,107.51553851630801,11.719645775444308
1448,629,303,403,263,735,2325,2871,2687,3128,0.29963722825050354,0.8216949105262756,-0.739158570766449,107.22520301648059,11.393916653422568
1631,728,328,553,311,829,2375,2909,2850,3242,0.2720375061035156,0.8032268285751343,-0.6749926805496216,107.20894350983802,11.444491803918497
1958,897,352,516,336,882,2300,2887,2917,3255,0.19671794772148132,0.7934214472770691,-0.6993882656097412,107.22673015246359,11.556152393734553
2154,1003,332,558,334,937,2628,3318,3391,3702,0.22308385372161865,0.8206711411476135,-0.7173967957496643,107.29868520672157,11.436856124003482
2034,898,300,490,288,867,2568,3325,3291,3689,0.2360563427209854,0.8390612006187439,-0.7408093214035034,107.34351113939913,11.640234704328142
1836,874,394,600,492,921,2225,2761,3066,3258,0.2509180009365082,0.7234401106834412,-0.6726677417755127,107.2380489250435,11.436227303304598
1396,610,337,518,326,685,1965,2586,2956,2904,0.3584558963775635,0.801340639591217,-0.7017846703529358,107.35168580848462,11.669340119533613
1787,884,382,590,416,917,2232,2617,3044,2991,0.2601945698261261,0.7595375776290894,-0.6752889156341553,107.34908069416068,11.455091924271109
1582,1175,440,615,538,878,1300,1401,1371,1542,-0.07145275920629501,0.4363541007041931,-0.3806646466255188,107.34288231870025,11.478358290129803
1761,755,290,550,344,924,2681,3372,3348,3776,0.3106282949447632,0.8136511445045471,-0.7178040146827698,107.390582860287,11.757105522792092
1928,957,378,555,440,992,2330,3032,3120,3354,0.2361331284046173,0.7528089880943298,-0.6979591846466064,107.18073640991668,11.553457447882195
1759,842,357,567,372,962,2331,2911,2939,3298,0.25117072463035583,0.7752944827079773,-0.6765545010566711,107.24002521866856,11.436496797889834
1570,709,283,477,317,830,2352,3003,3086,3487,0.32560136914253235,0.8136938214302063,-0.7322481274604797,107.40504573636132,11.741564668376823
1882,839,256,492,280,845,2180,2724,2761,3041,0.1893172562122345,0.8158500790596008,-0.6975100040435791,107.51158592905789,11.713447399983883
1441,622,302,430,249,734,2119,2758,2742,3135,0.31102079153060913,0.8335005044937134,-0.7288776636123657,107.27353237876622,11.469285305760197
1763,787,316,514,314,812,2220,2894,3256,3219,0.2974696159362793,0.8240896463394165,-0.7273209691047668,107.45319543559012,11.478537953186628
2244,1029,329,626,373,1096,3276,4103,3864,4425,0.26522594690322876,0.8239320516586304,-0.7211581468582153,107.32707196969974,11.74830203300772
1566,662,321,565,354,888,2482,3024,3344,3366,0.362118124961853,0.8085451722145081,-0.7109234929084778,107.46137010467561,11.713177905398647
1995,877,430,883,456,1458,3685,4263,4464,4646,0.3822573125362396,0.8146341443061829,-0.6697213649749756,107.33587545948411,11.457786870123467
1489,596,272,508,253,834,2556,3269,3472,3523,0.3997178077697754,0.8641610741615295,-0.7447236180305481,107.46720915402238,11.705003236313159
1721,759,381,598,372,809,2250,2851,3076,3085,0.28246819972991943,0.7842227220535278,-0.6744692325592041,107.24254050146409,11.498570384022493
2181,1004,343,588,398,927,2437,3122,3272,3536,0.20007336139678955,0.78310626745224,-0.6953367590904236,107.3222210671655,11.700960817534622
1629,701,370,634,380,914,2583,3230,3417,3610,0.3543400764465332,0.7998420000076294,-0.6869908571243286,107.3139565665516,11.721801732126194
1443,591,256,408,236,752,2340,3083,2843,3330,0.3266448974609375,0.8467034697532654,-0.7490003108978271,107.2959902608692,11.415925377883497
2119,1071,401,660,481,1029,2234,2674,2966,3019,0.1665683388710022,0.720916748046875,-0.6359624862670898,107.38025223451962,11.498390720965668
1963,873,270,474,300,808,2404,3127,3108,3527,0.2257937341928482,0.8239436745643616,-0.7353433966636658,107.31341757738113,11.703386268801744
2076,934,332,606,345,988,2897,3701,3757,4069,0.2881878912448883,0.8317893743515015,-0.7222095131874084,107.42328153662895,11.739498543223348
1904,871,362,540,347,880,2308,2949,3088,3305,0.2371794879436493,0.7979621291160583,-0.7023153305053711,107.23373701167972,11.416015209411908
1933,943,431,565,534,947,2057,2503,2522,2938,0.13221099972724915,0.6505235433578491,-0.633948802947998,107.24882870845293,11.434161178151124
2325,1237,444,644,469,919,2064,2454,2670,2650,0.06906907260417938,0.7011787295341492,-0.6113458275794983,107.36543003233164,11.48365835030611
2391,1075,434,711,457,1092,3029,3881,4100,4344,0.26328763365745544,0.7994294762611389,-0.7044273614883423,107.25745253518048,11.550942165086662
1742,730,361,528,317,956,3033,3678,3376,4047,0.31926533579826355,0.8283238410949707,-0.7295082211494446,107.30991414777306,11.443773151691202
1560,681,293,417,272,839,2139,2804,2169,2937,0.1633145660161972,0.7771404981613159,-0.6774942278862,107.4011829806396,11.450869842435747
2217,1037,386,638,378,966,2691,3336,3716,3716,0.25265464186668396,0.8153395056724548,-0.7069361209869385,107.40881866055462,11.499199204721377
1718,768,423,621,431,886,2442,3051,3532,3407,0.34552380442619324,0.7824879884719849,-0.7009390592575073,107.29203767361908,11.462907267242947
2121,948,332,588,337,916,2787,3595,3484,3962,0.24317573010921478,0.8236063718795776,-0.7111984491348267,107.3403670359047,11.696559072642435
2048,1083,443,786,552,1284,2491,2870,3064,3242,0.19874803721904755,0.6946902871131897,-0.591688334941864,107.3418043403593,11.457068217896172
1624,694,316,588,337,940,2974,3603,3731,3958,0.393464058637619,0.834316611289978,-0.7277147769927979,107.42723412387907,11.718657628631776
1522,678,308,484,276,786,2456,3173,3249,3461,0.3619786202907562,0.843404233455658,-0.7406911253929138,107.33839074227964,11.434879830378419
1543,670,297,542,342,817,2313,3007,3335,3298,0.36736366152763367,0.8139787912368774,-0.7204023599624634,107.30901583248894,11.716142345836241
1783,797,277,490,300,785,2493,3180,3448,3564,0.31829479336738586,0.8399146199226379,-0.7511427402496338,107.3576146893598,11.691169180937719
1765,832,362,650,442,1062,2570,3049,3076,3328,0.2708118259906769,0.7487208843231201,-0.6511003971099854,107.29545127169874,11.69125901246613
637,443,506,694,431,617,634,625,397,567,-0.23210830986499786,-0.04106280207633972,0.27222731709480286,107.27056793832863,11.667633320493787
2075,909,313,538,312,910,2691,3394,3653,3785,0.27548882365226746,0.8426229357719421,-0.7432593703269958,107.3974100564463,11.722700047410314
1815,775,340,524,298,931,2683,3388,3391,3754,0.302727609872818,0.8384386301040649,-0.7323116064071655,107.2274488046909,11.409816833951485
2081,965,398,549,335,903,2478,3151,2820,3473,0.15078555047512054,0.7876386642456055,-0.6740872859954834,107.31189044139812,11.511595955642226
1749,737,229,464,234,845,2689,3429,3604,3776,0.3465346395969391,0.8780614733695984,-0.7718780636787415,107.52011992425703,11.701499806705092
1575,681,289,522,293,917,2802,3434,3433,3624,0.37100639939308167,0.8427267670631409,-0.7360303401947021,107.3432416448139,11.738510396410817
1790,785,249,496,262,791,2413,3076,3220,3448,0.2854291498661041,0.8495118021965027,-0.733046293258667,107.51374188573978,11.771927724980063
1615,731,335,539,370,846,2231,2780,3022,3110,0.3034289479255676,0.7818396091461182,-0.6972760558128357,107.4124119216911,11.443144330992318
1447,581,215,431,233,826,2431,3101,3014,3314,0.3512665331363678,0.8564829230308533,-0.7497822642326355,107.52182672329685,11.765010697292343
1427,618,284,376,234,627,2018,2585,2498,2859,0.27286624908447266,0.8286969065666199,-0.7383437752723694,107.26984928610133,11.441437531952491
1874,856,335,501,322,814,2234,2811,2808,3126,0.19948740303516388,0.7942491769790649,-0.6971895098686218,107.31503454489254,11.399665871240934
2077,1012,396,603,404,984,2141,2601,2525,2923,0.09734898060560226,0.7241379022598267,-0.6144501566886902,107.34593659066626,11.459673332220117
2145,969,354,571,342,913,2642,3424,3868,3823,0.2865458130836487,0.837529718875885,-0.7427348494529724,107.24487612120281,11.49201268244842
1486,650,338,530,312,916,2341,2995,3344,3304,0.38467907905578613,0.8293216824531555,-0.7263810038566589,107.42543749331082,11.4993788677782
1759,786,341,516,381,914,2341,2851,2532,3218,0.18014448881149292,0.7384139895439148,-0.6614173054695129,107.4116932694638,11.483029529607226
2130,948,330,545,322,936,2664,3447,3579,3812,0.25380977988243103,0.8349141478538513,-0.7356935143470764,107.34449928621166,11.643288976294148
1678,709,329,465,302,803,2219,2798,2713,3128,0.23570939898490906,0.7996683120727539,-0.7073631286621094,107.27191541125481,11.473776882180793
365,187,422,542,320,355,444,491,574,507,0.22257721424102783,0.28411632776260376,-0.02867383509874344,107.3447687807969,11.637270263890548
1802,805,260,440,277,815,2426,3111,3332,3520,0.29801324009895325,0.8464948534965515,-0.7667019963264465,107.39210999627,11.758003838076212
1919,916,349,520,342,910,2314,2860,2638,3166,0.1577792465686798,0.7704697847366333,-0.670677661895752,107.19277383472388,11.548876039933186
1991,901,294,522,326,850,2220,2838,3067,3221,0.21273230016231537,0.8078396916389465,-0.7091111540794373,107.30443442453993,11.711201611773584
2021,922,317,498,308,853,2299,2959,3021,3369,0.1983339935541153,0.8149594664573669,-0.7169650197029114,107.24065403936744,11.501444992931676
1824,804,266,455,272,814,2458,3146,3333,3528,0.2926119863986969,0.8490985035896301,-0.7597677111625671,107.3815997074458,11.73904938558129
1901,887,348,525,323,882,2613,3380,3272,3732,0.2650299668312073,0.8203060030937195,-0.7234659194946289,107.2733527157094,11.39670143080334
2229,987,309,544,313,977,2764,3613,3689,3884,0.24670496582984924,0.8435782194137573,-0.7429718971252441,107.52461150067762,11.732042526365156
1666,725,335,552,326,833,2570,3337,3697,3724,0.3787059485912323,0.8379318714141846,-0.7401741743087769,107.30524290829564,11.435957808719362
2318,1259,470,652,612,1002,2003,2369,2328,2705,0.002152389148250222,0.5836734771728516,-0.562416136264801,107.3259939913588,11.498660215550904
2220,1004,440,678,400,1104,3222,4034,4144,4408,0.302325576543808,0.8239436745643616,-0.7187888622283936,107.30524290829564,11.62963458397553
1885,844,358,529,324,852,2375,3038,3113,3421,0.24569827318191528,0.811463475227356,-0.709500253200531,107.24514561578805,11.372267255075288
1722,775,374,574,357,822,2382,3041,3276,3374,0.31092438101768494,0.8034682273864746,-0.7018181681632996,107.16717184912646,11.549684523688894
1875,859,351,524,346,788,2185,2832,2922,3189,0.21826142072677612,0.788249671459198,-0.6958792805671692,107.26895097081722,11.412242285218607
2285,1154,436,694,479,1100,2380,2876,2878,3195,0.11485570669174194,0.714626133441925,-0.6114221811294556,107.33695343782506,11.476112501919506
2272,1042,362,626,338,991,3029,3904,4408,4264,0.3197604715824127,0.8575642704963684,-0.7512912154197693,107.33255169293287,11.617686990696741
1600,704,349,485,322,832,2561,3137,2954,3428,0.29732102155685425,0.8034188151359558,-0.7179412841796875,107.26859164470356,11.515818037477588
1698,766,318,480,307,783,2153,2739,2602,3019,0.21023255586624146,0.7889308929443359,-0.6885139346122742,107.37809627783773,11.514021406909348
2078,931,311,568,313,915,2915,3722,4165,4123,0.3342944085597992,0.8602054715156555,-0.7599831223487854,107.34108568813201,11.748751190649779
1984,853,439,666,447,931,2702,3574,3843,3910,0.31903210282325745,0.7916083931922913,-0.7045907974243164,107.3034462777274,11.429220444088466
2091,933,350,628,386,1061,2818,3596,3678,3954,0.2750909924507141,0.8100393414497375,-0.7083140015602112,107.49820103132451,11.715513525137357
1884,846,351,534,324,878,2329,2956,2829,3261,0.2005092352628708,0.7944814562797546,-0.682426393032074,107.25951866033395,11.381699565558543
1592,663,237,437,259,789,2713,3500,3432,3833,0.36624205112457275,0.8596586585044861,-0.7741018533706665,107.52461150067762,11.791331335117045
1644,731,304,474,263,823,2471,3127,3018,3490,0.2947233021259308,0.8396829962730408,-0.7285223603248596,107.28637828732913,11.4009235126387
2300,1112,435,682,449,1047,2729,3309,3689,3766,0.23192518949508667,0.7829869389533997,-0.6879432797431946,107.20022985158207,11.547169240893359
1848,835,341,658,411,1141,2748,3372,3821,3781,0.3480331599712372,0.8057655692100525,-0.7061843872070312,107.3003920057614,11.640234704328142
1838,806,270,452,262,832,2472,3208,3220,3630,0.27323052287101746,0.8495118021965027,-0.7538126111030579,107.34863153651861,11.716681335006713
1903,911,310,522,302,864,2179,2731,2646,3030,0.16333259642124176,0.7951153516769409,-0.6704545617103577,107.4433139674648,11.506834884636392
1917,907,376,574,398,943,2167,2630,2730,2948,0.17495158314704895,0.7455242872238159,-0.6525423526763916,107.44663773401605,11.468566653532902
2030,913,286,553,293,909,2502,3219,3188,3495,0.22192411124706268,0.8316575884819031,-0.7043571472167969,107.51077744530218,11.70644054076775
2240,971,301,588,329,998,2803,3599,3584,3986,0.23076923191547394,0.8318426012992859,-0.718120813369751,107.50475873289858,11.77309553484942
1780,735,250,433,237,772,2343,2999,3168,3311,0.2805173695087433,0.8607929348945618,-0.7595112323760986,107.35986047757011,11.661973934203834
1685,732,332,497,291,855,2450,3162,3375,3498,0.3339920938014984,0.8412438631057739,-0.7432851195335388,107.28332401536312,11.477370143317271
1436,613,309,489,289,813,2392,3021,3164,3274,0.37565216422080994,0.8326092958450317,-0.7322748303413391,107.29095969527813,11.43353235745224
1618,695,352,583,306,819,2502,3156,3960,3554,0.419863760471344,0.8565400838851929,-0.7433413863182068,107.29913436436362,11.418620323735855
1797,779,416,595,379,868,2614,3314,3508,3682,0.32252591848373413,0.8049910068511963,-0.7099683284759521,107.22852678303182,11.384664005996138
2215,998,324,550,342,942,2749,3566,3488,3954,0.22321584820747375,0.8214099407196045,-0.7275879383087158,107.29078003222132,11.722250889768254
1710,728,302,497,283,841,2626,3393,3425,3715,0.3339824676513672,0.8473570942878723,-0.746557891368866,107.32509567607468,11.425447519895163
1516,669,293,445,261,739,2254,2960,2790,3234,0.2958662211894989,0.8289085626602173,-0.7248840928077698,107.22987425595801,11.435688314134126
1911,875,304,504,336,865,2215,2784,2801,3194,0.18887946009635925,0.7857825756072998,-0.6950075626373291,107.30982431624464,11.631610877600593
1957,917,374,640,335,944,2446,3083,3172,3415,0.23688828945159912,0.8089535236358643,-0.6642182469367981,107.20813502608232,11.522555402108484
1930,852,368,618,351,976,2797,3612,3812,3965,0.32776036858558655,0.8313716053962708,-0.7209932208061218,107.24793039316882,11.404606605303591
1909,866,302,538,320,930,2492,3118,3156,3482,0.24619941413402557,0.815880298614502,-0.7087168097496033,107.27667648226064,11.663860396300485
1996,886,320,548,302,882,2838,3641,4064,4084,0.3412541151046753,0.8616582751274109,-0.762359082698822,107.32392786620532,11.404876099888828
1883,858,313,520,318,847,2492,3189,3219,3553,0.26185810565948486,0.8201866149902344,-0.7218507528305054,107.34979934638797,11.420776280417742
1874,877,316,490,313,803,2237,2876,2916,3253,0.2175365388393402,0.8061319589614868,-0.7122724652290344,107.23229970722514,11.483119361135637
1752,813,311,531,304,881,2287,2839,2872,3141,0.24221453070640564,0.8085642457008362,-0.6879224181175232,107.44043935855562,11.512584102454758
1537,696,342,513,321,762,2220,2869,3331,3234,0.36852917075157166,0.8242059350013733,-0.7330905199050903,107.2132554232018,11.452217315361926
1816,919,378,531,483,1008,1977,2407,2617,2855,0.18069027364253998,0.6883870959281921,-0.6626429557800293,107.22475385883853,11.43811376540125
1761,801,302,494,324,844,2224,2893,2921,3136,0.24775737524032593,0.8003081679344177,-0.7106881141662598,107.30623105510817,11.642839818652089
2097,938,397,631,394,1088,3033,3844,3768,4258,0.28491050004959106,0.8106679320335388,-0.7131166458129883,107.29284615737478,11.640504198913378
1475,592,291,522,315,891,2768,3521,3724,3839,0.43258318305015564,0.8440207839012146,-0.7541215419769287,107.36929278805336,11.6880250774433
1580,662,278,485,278,885,2731,3496,3352,3836,0.3592863082885742,0.8468319773674011,-0.7471983432769775,107.32617365441563,11.656584042499118
1441,626,300,466,276,731,2152,2822,2928,3029,0.34035247564315796,0.8277153372764587,-0.7253977656364441,107.30982431624464,11.42113560653139
1561,700,294,430,284,780,2151,2612,2609,2978,0.25131893157958984,0.8036640286445618,-0.7170121669769287,107.38698959915051,11.47638199650474
1938,1169,348,592,708,1183,2265,2681,2614,3007,0.14850614964962006,0.5737507343292236,-0.6306924223899841,107.47089224668728,11.751446136502139
1823,825,338,514,328,906,2442,3044,3054,3434,0.25240927934646606,0.8060319423675537,-0.7118834257125854,107.27146625361274,11.401731996394409
1586,742,311,519,316,880,2332,2870,3144,3146,0.3293868899345398,0.8173410296440125,-0.7166256904602051,107.29527160864191,11.700960817534622
1910,870,306,520,377,863,2298,2926,3041,3338,0.22843870520591736,0.7794031500816345,-0.7079471945762634,107.36857413582607,11.675448663465627
1692,768,343,457,283,813,2601,3232,3005,3622,0.27954012155532837,0.8278588652610779,-0.7359907627105713,107.30694970733546,11.537826761938517
1622,708,236,402,236,725,2187,2836,2907,3125,0.28372707962989807,0.8498250246047974,-0.7570263147354126,107.48867888931285,11.723418699637609
1939,943,367,572,501,957,1933,2305,2546,2676,0.13534002006053925,0.6711519360542297,-0.6330981254577637,107.42534766178242,11.43865275457172
1695,786,322,526,305,864,2331,2862,3156,3206,0.3011750280857086,0.823750376701355,-0.7142857313156128,107.20184681909348,11.462637772657713
1436,571,249,460,242,775,2525,3168,3499,3474,0.4180344343185425,0.8706228137016296,-0.7676180601119995,107.51410121185343,11.78558211729868
2056,951,282,474,289,809,2402,3122,2909,3475,0.17180262506008148,0.8192620277404785,-0.7197753190994263,107.31871763755743,11.716501671949889
2017,873,430,604,391,1074,3157,3960,3735,4353,0.2986787259578705,0.8104701638221741,-0.7215948104858398,107.26194411160108,11.513392586210465
2339,1305,536,822,728,1362,2350,2729,2766,3100,0.08364348858594894,0.5832856297492981,-0.5418060421943665,107.34961968333114,11.476202333447917
1995,899,321,530,363,919,2571,3281,3184,3595,0.22958099842071533,0.7953199744224548,-0.7145934104919434,107.31422606113684,11.730245895796918
2270,1274,377,598,590,1022,2468,3081,3263,3448,0.17946864664554596,0.6937451362609863,-0.6902356743812561,107.4514886365503,11.743091804359826
1671,778,319,492,311,846,2290,2873,2690,3185,0.23366200923919678,0.792735755443573,-0.6907605528831482,107.28009008034029,11.409727002423072
2050,977,347,601,363,883,2336,2928,3290,3295,0.23220974206924438,0.8012592196464539,-0.6910820007324219,107.3591418253428,11.403528626962647
1637,761,321,507,331,864,2097,2572,2532,2908,0.2146797776222229,0.7687740325927734,-0.6663376092910767,107.43073755348713,11.479256605413923
1862,938,360,568,384,901,2095,2580,2641,2913,0.17299577593803406,0.7461156845092773,-0.6459956169128418,107.35689603713251,11.410715149235603
1788,846,244,416,247,845,2306,2813,3148,3128,0.2755267322063446,0.8544918894767761,-0.7665544152259827,107.38869639819035,11.70132014364827
2131,1151,448,692,526,1059,2128,2462,2636,2865,0.10593664646148682,0.6672991514205933,-0.5841346383094788,107.34117551966042,11.454373272043812
1896,831,354,553,366,941,2682,3346,3280,3747,0.2673879563808441,0.799232006072998,-0.7114531993865967,107.27011878068656,11.522645233636895
2001,939,365,553,398,872,2297,2940,3240,3342,0.23640526831150055,0.7811984419822693,-0.7084102034568787,107.196726421974,11.537287772768044
1749,819,336,582,345,907,2263,2810,3009,3166,0.26481714844703674,0.7942754626274109,-0.6758562922477722,107.3591418253428,11.435418819548891
2263,1053,367,590,394,1076,3113,3962,3891,4364,0.2645433843135834,0.8161026835441589,-0.7366659045219421,107.20660789009932,11.46066147903265
1556,1157,461,634,614,948,1432,1496,1512,1588,-0.01434159092605114,0.4223894774913788,-0.40913328528404236,107.33794158463759,11.480065089169631
1823,849,269,481,300,786,2276,2814,2790,3206,0.2096249759197235,0.8058252334594727,-0.7059003114700317,107.47241938267028,11.770939578167532
2220,1267,453,713,604,1086,2080,2400,2478,2681,0.05491698533296585,0.6080467104911804,-0.5531181693077087,107.34899086263226,11.474136208294443
1638,736,347,494,314,790,2186,2789,3074,3114,0.3047538101673126,0.8146399259567261,-0.7230941653251648,107.27694597684588,11.430478085486234
1571,676,204,395,229,742,2333,3111,3155,3404,0.33516716957092285,0.8646572232246399,-0.7774648070335388,107.51419104338184,11.756207207507972
2258,1028,398,633,385,1044,2713,3420,3285,3823,0.1852787286043167,0.7901907563209534,-0.6768759489059448,107.24945752915181,11.527765630756377
2155,958,414,571,343,950,2853,3695,3020,4023,0.16714975237846375,0.7960154414176941,-0.6819827556610107,107.31350740890954,11.478897279300275
1787,808,282,542,340,910,2198,2717,2780,3007,0.21742938458919525,0.7820512652397156,-0.6736905574798584,107.5244318376208,11.703835426443803
1711,790,268,475,259,788,2413,3000,3132,3335,0.2934131622314453,0.8472427129745483,-0.736623227596283,107.36866396735448,11.703116774216507
1858,817,433,612,350,905,2728,3466,3527,3907,0.3099350035190582,0.8194480538368225,-0.7042763829231262,107.24757106705516,11.374692706342412
1663,735,318,500,310,817,2293,2922,2971,3228,0.28226155042648315,0.8110332489013672,-0.7118985652923584,107.36219609730881,11.41098464382084
1838,892,394,584,434,967,2413,2967,3037,3310,0.24594871699810028,0.7499279975891113,-0.6774371862411499,107.38339633801404,11.421045775002979
1704,759,306,473,270,870,2547,3253,2889,3624,0.25800129771232605,0.8290598392486572,-0.7186198830604553,107.26993911762975,11.468566653532902
1767,741,308,539,282,954,2937,3785,3745,4141,0.35885339975357056,0.8599453568458557,-0.7483659982681274,107.40881866055462,11.698535366267498
1664,720,260,452,247,764,2429,3047,2954,3306,0.2793416976928711,0.8456732034683228,-0.7345860004425049,107.48445680747749,11.720184764614778
1464,600,310,446,272,703,2210,2911,2755,3241,0.30599668622016907,0.8202841281890869,-0.721337080001831,107.31153111528448,11.413499926616375
1498,617,234,425,247,818,2576,3295,3152,3630,0.35569891333580017,0.8546631336212158,-0.7623707056045532,107.52919290862664,11.786210937997563
1640,736,307,475,302,806,2489,3244,3276,3582,0.33279088139533997,0.8311905860900879,-0.7467342019081116,107.26607636190803,11.481053235982163
405,187,271,330,231,314,398,442,542,485,0.1446673721075058,0.40232858061790466,-0.2431192696094513,107.50502822748382,11.801841623941243
1939,855,353,596,357,945,2801,3694,3957,4008,0.34226593375205994,0.8344923257827759,-0.7381945848464966,107.51706565229102,11.713267736927058
1673,775,321,488,306,840,2186,2631,2720,2961,0.23833371698856354,0.7977527976036072,-0.6957606077194214,107.37396402753077,11.44089854278202
2074,943,378,610,417,1040,2791,3508,3371,3889,0.23820018768310547,0.779831051826477,-0.693544328212738,107.28961222235196,11.667184162851727
2047,889,393,626,363,918,2906,3634,4129,4019,0.3371114134788513,0.8383793234825134,-0.7366982102394104,107.3342584919727,11.74228332060412
2112,924,308,596,286,1083,3516,4329,4496,4783,0.36077481508255005,0.8803848028182983,-0.7659072875976562,107.32958725249527,11.715962682779416
652,349,353,490,481,615,661,728,346,857,-0.3066132366657257,-0.16324062645435333,0.17224881052970886,107.4327138471122,11.76537002340599
1745,757,263,456,269,788,2220,2878,2912,3156,0.2505905032157898,0.8308708071708679,-0.7292161583900452,107.33713310088189,11.69036069718201
1995,902,325,508,300,823,2374,3087,3001,3449,0.20136108994483948,0.8182368874549866,-0.7104588150978088,107.29248683126114,11.72808993911503
1809,769,337,554,327,931,2870,3685,3648,3956,0.3369983434677124,0.8354716897010803,-0.7363160252571106,107.25978815491919,11.439640901384251
2007,934,345,526,370,882,2323,2983,2939,3426,0.18843509256839752,0.7763674855232239,-0.6963924765586853,107.20166715603666,11.542498001415938
2460,1418,522,810,691,1256,2341,2708,3012,3072,0.10087719559669495,0.6267890930175781,-0.5761381387710571,107.33345000821699,11.466949686021486
1842,829,324,524,375,913,2271,2785,2930,3143,0.22799664735794067,0.7730711102485657,-0.6965836882591248,107.42480867261195,11.439820564441076
2115,994,402,637,390,946,2492,3160,3475,3526,0.24329158663749695,0.7981888651847839,-0.6901751160621643,107.24945752915181,11.402450648621704
1596,697,361,484,316,831,2364,3078,2999,3429,0.30533188581466675,0.8093514442443848,-0.7220786809921265,107.2545779262713,11.374333380228762
2307,1052,326,610,376,927,2530,3295,3917,3661,0.25867608189582825,0.8248311281204224,-0.7305058240890503,107.37351486988872,11.735815450558459
1757,765,308,549,306,880,2720,3496,3548,3805,0.3376060426235199,0.8412039279937744,-0.7319990396499634,107.30677004427864,11.666016352982371
1479,609,250,442,309,787,2286,2999,3046,3190,0.34629833698272705,0.8157973289489746,-0.7465596199035645,107.50215361857464,11.757734343490975
1444,595,296,455,256,756,2487,3196,2897,3490,0.33471551537513733,0.8376149535179138,-0.7285202741622925,107.29679874462491,11.416913524696028
1732,728,259,480,261,799,2345,3060,3012,3430,0.26981449127197266,0.840513288974762,-0.7250859141349792,107.35941131992804,11.712099927057704
1714,711,299,570,288,864,2833,3536,4064,3854,0.40671512484550476,0.8676470518112183,-0.7539922595024109,107.38797774596304,11.69584042041514
1651,784,345,538,351,883,2099,2501,2688,2874,0.23899516463279724,0.7690029740333557,-0.6664600372314453,107.36066896132581,11.44880371728227
1935,928,330,532,378,890,2341,2931,2767,3315,0.1769459843635559,0.7596184611320496,-0.677478015422821,107.21639952669622,11.488688915897178
1654,723,290,475,285,785,2438,3123,3364,3412,0.34077322483062744,0.8437927961349487,-0.7525396943092346,107.29841571213633,11.65676370555594
2347,1096,428,672,448,1033,2562,3274,3564,3713,0.2058873325586319,0.776669979095459,-0.6827195286750793,107.20445193341743,11.52830461992685
1330,562,257,402,225,685,2174,2919,2843,3275,0.3625688850879669,0.8533246517181396,-0.7522342205047607,107.3305753993078,11.393018338138448
2022,904,276,508,284,857,2578,3275,3251,3675,0.2330741584300995,0.8393210768699646,-0.7297153472900391,107.39300831155411,11.725844150904733
1971,932,380,584,407,940,2376,2982,3135,3389,0.22796709835529327,0.7701863646507263,-0.6859371066093445,107.24685241482787,11.536299625955513
2123,1012,374,614,389,985,2675,3342,3379,3736,0.22828061878681183,0.793524444103241,-0.6924617886543274,107.25017618137912,11.553098121768548
1966,922,370,593,351,1028,2817,3408,3479,3835,0.2778696119785309,0.8167101740837097,-0.708742618560791,107.315573534063,11.40963717089466
2489,1113,389,670,388,1150,3556,4525,4584,5073,0.2961968183517456,0.8439260125160217,-0.7449561953544617,107.41555602518551,11.700870986006208
1748,815,325,498,320,781,2407,3111,3243,3469,0.299539178609848,0.8203760981559753,-0.7337610125541687,107.23786926198667,11.42661532976452
1824,810,352,540,382,863,2165,2767,2711,3166,0.1955898553133011,0.7529906034469604,-0.6677945256233215,107.22897594067389,11.523004559750543
1948,897,319,514,302,842,2384,3011,3208,3396,0.24437548220157623,0.8279201984405518,-0.7238044142723083,107.30856667484689,11.43631713483301
1736,1399,1084,1582,1992,1523,1766,1806,2689,1837,0.21536722779273987,0.14889980852603912,-0.2591898739337921,107.26904080234563,11.665657026868724
1491,652,354,526,346,740,2234,2869,3444,3268,0.3957446813583374,0.8174142241477966,-0.7350125908851624,107.31665151240395,11.442425678765023
1973,1046,366,583,542,1012,2016,2388,2610,2738,0.13899192214012146,0.6560913920402527,-0.6348261833190918,107.46604134415303,11.718657628631776
2281,1056,439,692,479,1087,2812,3528,3456,3924,0.20481087267398834,0.7565438151359558,-0.6663452386856079,107.20220614520713,11.525340179489255
1537,694,348,488,379,866,2062,2582,2709,2907,0.2760244905948639,0.7545337080955505,-0.6947137713432312,107.41322040544681,11.434340841207947
1777,817,351,504,318,839,2432,3109,3144,3430,0.27778905630111694,0.8162911534309387,-0.7236841917037964,107.25583556766907,11.420866111946154
2050,970,288,499,336,879,2328,2914,3060,3341,0.197651669383049,0.8021201491355896,-0.7195841670036316,107.3305753993078,11.706710035352986
1588,678,310,552,319,915,2663,3371,3397,3646,0.3628886640071869,0.8283100128173828,-0.7204355597496033,107.41007630195239,11.70967447579058
1891,906,366,574,385,901,2416,2989,3060,3363,0.23611392080783844,0.7764876484870911,-0.6840946674346924,107.25233213806099,11.421854258758685
2123,986,287,492,303,925,2265,2871,2802,3266,0.1378680169582367,0.8048309087753296,-0.7012750506401062,107.55039314933185,11.732581515535628
2200,999,279,540,273,1088,3306,4021,3731,4453,0.25813522934913635,0.8636363744735718,-0.7471318244934082,107.4485241961127,11.704194752557452
2037,1006,435,778,520,1303,2831,3303,3445,3620,0.2568405568599701,0.7377049326896667,-0.6315415501594543,107.33713310088189,11.458954679992821
1514,601,286,544,286,822,2629,3301,3808,3618,0.4310409724712372,0.8602833151817322,-0.75,107.39507443670759,11.713537231512294
1666,740,353,501,348,831,2220,2846,2835,3280,0.2597200572490692,0.7813383340835571,-0.6996402740478516,107.24110319700951,11.404337110718355
2859,1802,592,935,986,1439,2269,2622,2763,2916,-0.01707577332854271,0.47399306297302246,-0.4943212568759918,107.39678123574741,11.527675799227966
1888,851,350,558,346,908,2526,3211,3090,3547,0.24146243929862976,0.7986029982566833,-0.6940789222717285,107.29913436436362,11.407840540326422
1987,909,296,495,288,808,2354,3068,3136,3467,0.2242826521396637,0.8317757248878479,-0.7273478507995605,107.3199752789552,11.502163645158971
1817,778,310,510,298,932,2812,3566,3494,3886,0.3157597482204437,0.8428270220756531,-0.7452547550201416,107.33380933433064,11.429939096315762
2188,982,347,618,362,957,2584,3276,3527,3742,0.23429571092128754,0.8138338923454285,-0.7018094062805176,107.31692100698919,11.70221845893239
1547,638,260,483,254,804,2392,2987,3209,3242,0.349453330039978,0.8533063530921936,-0.7383531928062439,107.5266776258311,11.767795474673113
2449,1161,398,666,393,1069,2892,3611,3784,4075,0.21418257057666779,0.8118266463279724,-0.7006741762161255,107.21487239071321,11.3723570866037
1708,732,364,644,341,1077,3342,4060,4553,4300,0.4544002413749695,0.8606457114219666,-0.7521647214889526,107.534942126445,11.784144812844088
1510,606,239,434,224,775,2583,3365,3660,3601,0.41586074233055115,0.8846549987792969,-0.7879824042320251,107.47053292057363,11.723418699637609
2037,1011,365,616,366,950,2333,2817,2876,3170,0.17077142000198364,0.774213433265686,-0.6471936106681824,107.38133021286056,11.517704499574238
2156,1014,259,455,286,902,2602,3303,2901,3766,0.14732053875923157,0.8205208778381348,-0.7288438677787781,107.51005879307489,11.790792345946572
1969,896,433,662,378,1018,2923,3670,3795,3907,0.31679388880729675,0.8188353776931763,-0.7029392123222351,107.19277383472388,11.482939698078813
1617,709,324,480,281,799,2389,2962,2928,3364,0.28844884037971497,0.8248675465583801,-0.7183098793029785,107.29006137999401,11.411343969934487
1843,833,398,554,346,917,2581,3286,3198,3591,0.2687958776950836,0.8047404289245605,-0.7046908140182495,107.20301462896283,11.519321467085653
2024,900,342,540,298,912,2770,3566,3572,4018,0.2766261696815491,0.8459948301315308,-0.7373540997505188,107.38986420805969,11.713716894569119
2938,1765,490,737,814,1336,2248,2584,2891,2950,-0.008063132874667645,0.5605937838554382,-0.5937155485153198,107.48894838389808,11.753152935541966
1526,679,304,468,266,761,2313,3009,3134,3295,0.3450643718242645,0.8435294032096863,-0.7401443719863892,107.26715434024896,11.442156184179787
1739,757,322,502,310,901,2753,3471,3445,3768,0.329089492559433,0.8348867893218994,-0.745629608631134,107.24254050146409,11.527585967699553
2449,1156,378,674,400,1116,2826,3580,3606,4035,0.19108174741268158,0.8002995252609253,-0.6850467324256897,107.24586426801534,11.455361418856343
2183,990,351,612,378,984,2792,3539,3539,3956,0.23698008060455322,0.806995153427124,-0.7051312923431396,107.362016434252,11.70742868758028
1845,811,294,503,321,845,2321,2988,3285,3313,0.28070175647735596,0.821963369846344,-0.7344244718551636,107.30506324523881,11.692426822335486
1856,867,348,604,344,916,2453,3011,3304,3486,0.28062015771865845,0.8114035129547119,-0.6908904910087585,107.20274513437761,11.372446918132113
2120,952,362,580,387,945,2487,3180,3224,3549,0.2065868228673935,0.7856549620628357,-0.6950578093528748,107.2464032571858,11.547169240893359
1688,718,361,626,353,976,2959,3786,4056,4144,0.41225627064704895,0.8398730158805847,-0.7325928807258606,107.36345373870658,11.683353837965878
1462,606,235,407,244,767,2238,2812,2543,3112,0.26991260051727295,0.8249013423919678,-0.7240678071975708,107.50925030931919,11.779024415724608
1566,682,318,487,321,792,2289,2912,2945,3268,0.30569717288017273,0.8034292459487915,-0.7162004709243774,107.20040951463889,11.39355732730892
2382,1352,481,780,689,1180,2071,2415,2379,2778,-0.0006301196990534663,0.5508474707603455,-0.5061728358268738,107.37270638613302,11.492551671618893
1614,713,301,447,258,736,2232,2842,3023,3187,0.30386024713516235,0.8427308797836304,-0.7423630952835083,107.27955109116982,11.397509914559047
1742,771,324,493,314,804,2165,2760,2980,3151,0.262177050113678,0.809350311756134,-0.7160955667495728,107.2199927878327,11.452396978418749
1780,837,374,638,342,957,2510,3142,3648,3479,0.34414148330688477,0.8285714387893677,-0.7022865414619446,107.35060783014367,11.637539758475782
2146,977,296,554,334,934,2569,3276,3453,3678,0.2334345430135727,0.8236070871353149,-0.7234839200973511,107.34575692760943,11.729167917455975
2006,927,350,621,406,1020,2576,3175,3264,3554,0.23870967328548431,0.7787466049194336,-0.6803088784217834,107.42687479776542,11.515997700534411
2291,1102,424,683,502,1091,2806,3511,3837,3959,0.25228458642959595,0.7686102986335754,-0.6977875828742981,107.29392413571573,11.694133621375313
2193,1044,330,544,340,910,2510,3187,3372,3538,0.2118598371744156,0.8168103694915771,-0.7221654653549194,107.24469645814598,11.497582237209961
2537,1155,408,698,402,1163,3352,4299,4332,4726,0.26131898164749146,0.8301647901535034,-0.7224652171134949,107.37001144028065,11.656404379442293
1846,824,309,512,320,860,2566,3241,3196,3643,0.26775088906288147,0.8179749846458435,-0.7238403558731079,107.29904453283521,11.42436954155422
2077,952,347,558,358,873,2282,2903,3035,3260,0.18740218877792358,0.788977324962616,-0.6893960237503052,107.22286739674188,11.505667074767038
1584,667,241,412,231,770,2607,3314,3163,3634,0.3326311409473419,0.8638774156570435,-0.7695105075836182,107.36632834761576,11.745786750212185
2156,986,302,558,293,967,2932,3746,3748,4154,0.2696476876735687,0.8549863696098328,-0.7408267259597778,107.53098953919488,11.725484824791083
2142,965,364,672,394,1035,2711,3441,3515,3826,0.24270814657211304,0.7984139323234558,-0.6790064573287964,107.29985301659092,11.637899084589431
1495,676,269,480,310,985,2520,3369,2827,3502,0.30819064378738403,0.8023589253425598,-0.7097066640853882,107.50862148862029,11.778485426554136
1681,682,272,491,320,898,2621,3331,3432,3645,0.34246039390563965,0.8294243216514587,-0.7496813535690308,107.51868261980243,11.73078488496739
1711,1230,477,628,602,962,1494,1638,1386,1757,-0.104940265417099,0.39436620473861694,-0.37636545300483704,107.33973821520583,11.479705763055984
1565,645,326,518,297,865,2727,3397,3451,3734,0.37599679827690125,0.8415154814720154,-0.7389770746231079,107.19483995987736,11.475214186635386
1700,776,316,474,305,806,2215,2772,2680,3109,0.22374428808689117,0.7956448793411255,-0.6994292736053467,107.39354730072459,11.501714487516912
1384,627,301,420,265,658,2140,2761,3021,2996,0.371623158454895,0.8387096524238586,-0.7558849453926086,107.21900464102016,11.395084463291925
1507,647,244,451,238,745,2394,3110,3216,3373,0.36184629797935486,0.8621887564659119,-0.7540223598480225,107.39184050168475,11.706620203824574
1821,778,306,525,303,1114,2843,3701,3410,3955,0.30376601219177246,0.8367896676063538,-0.7331638932228088,107.51257407587042,11.795104259310348
1786,836,327,499,356,815,2174,2652,2946,3031,0.245139479637146,0.7843731045722961,-0.7103047966957092,107.32572449677356,11.399126882070462
1820,795,258,496,260,808,2460,3079,3029,3458,0.24932976067066193,0.8418972492218018,-0.7185815572738647,107.42130524300389,11.733749325404984
1693,724,318,524,289,851,2616,3303,3352,3688,0.328840434551239,0.8412523865699768,-0.7296181917190552,107.3989371924293,11.479526099999159
2129,1054,348,580,382,947,2400,3007,3229,3424,0.2053004801273346,0.7884242534637451,-0.6954581141471863,107.21074014040626,11.500456846119144
2031,930,362,582,366,850,2594,3397,3642,3747,0.2839767336845398,0.817365288734436,-0.7244318127632141,107.2876359287269,11.660267135164007
2005,1053,310,552,403,1082,2412,2904,3164,3213,0.22422131896018982,0.7740398049354553,-0.7029063701629639,107.46460403969844,11.744798603399653
1560,644,290,524,292,850,2661,3324,3596,3687,0.3948797583580017,0.8497942090034485,-0.7456310391426086,107.41034579653763,11.716411840421477
3909,2816,984,1230,1494,1762,2303,2677,2877,2984,-0.1520778089761734,0.3164035677909851,-0.40102264285087585,107.35716553171774,11.401372670280761
1987,891,366,588,369,938,2635,3416,3439,3772,0.2676004469394684,0.806197464466095,-0.7079712152481079,107.31063280000035,11.515189216778705
2185,1056,410,626,547,985,2583,3228,3377,3640,0.2143114060163498,0.7212028503417969,-0.6872345805168152,107.3320127037624,11.719915270029542
2367,1116,497,768,547,1180,3047,3852,4164,4199,0.27514928579330444,0.7677775621414185,-0.6885644793510437,107.31611252323349,11.615531034014854
2388,1090,424,666,424,1105,3077,3909,3904,4477,0.2409408837556839,0.80406653881073,-0.7085339426994324,107.30659038122182,11.653889096646758
1741,768,327,546,300,826,2336,2983,3111,3359,0.282357782125473,0.824098527431488,-0.7013945579528809,107.19771456878654,11.547977724649067
1450,648,330,466,294,714,1973,2549,2620,2936,0.2874692976474762,0.7982155084609985,-0.6979909539222717,107.25053550749276,11.414937231070965
1758,743,198,373,205,820,2663,3399,2830,3722,0.2336530089378357,0.8649094104766846,-0.7670933604240417,107.51437070643867,11.768064969258349
1828,840,299,521,324,836,2428,3148,3219,3461,0.2756092846393585,0.817104160785675,-0.7213903665542603,107.4131305739184,11.716411840421477
1991,898,285,520,311,859,2319,3051,3287,3422,0.2455475628376007,0.8271262049674988,-0.7268190383911133,107.33731276393871,11.69997267072209
1322,569,269,444,256,686,1977,2556,2912,2840,0.375531405210495,0.8383838534355164,-0.7353993058204651,107.49083484599473,11.792858471100049
1942,847,342,573,327,848,2711,3509,3667,3807,0.30754145979881287,0.836254358291626,-0.729716956615448,107.28610879274389,11.485365149345936
1731,738,273,470,276,798,2702,3537,4124,3886,0.4087105095386505,0.8745454549789429,-0.7953853011131287,107.49388911796073,11.776419301400662
1667,747,302,485,322,745,2146,2749,3141,3084,0.3065723776817322,0.8140340447425842,-0.7324876189231873,107.25942882880554,11.459224174578058
2131,1087,388,650,476,1036,2438,2924,3124,3270,0.1889628916978836,0.7355555295944214,-0.6555379033088684,107.42426968344148,11.416644030110792
1959,914,327,543,360,837,2172,2768,3063,3161,0.21983273327350616,0.7896581888198853,-0.6988352537155151,107.22412503813965,11.508901009789867
1955,1106,571,805,854,1420,2305,2690,2826,3023,0.18217946588993073,0.5358695387840271,-0.5565959811210632,107.29877503824997,11.633138013583597
1642,684,297,421,252,863,2602,3220,2743,3709,0.25108322501182556,0.8317195177078247,-0.7338811755180359,107.48266017690925,11.774173513190362
1763,803,335,545,332,847,2529,3214,3116,3600,0.27731093764305115,0.8074246048927307,-0.7022671103477478,107.33389916585905,11.418620323735855
1779,829,380,602,434,859,2332,2919,3139,3214,0.27653518319129944,0.7570669054985046,-0.6781609058380127,107.33434832350112,11.478987110828687
2283,1006,396,650,406,989,3093,4045,4481,4453,0.32495564222335815,0.8338449001312256,-0.7466380596160889,107.30928532707418,11.633407508168833
1861,816,330,544,335,904,2597,3339,3308,3695,0.27993810176849365,0.8160856366157532,-0.7175493240356445,107.30739886497753,11.67697579944863
2835,1733,645,934,1040,1524,2307,2566,2747,2962,-0.015764959156513214,0.4507525861263275,-0.4925292134284973,107.40783051374208,11.522285907523248
2388,1104,516,893,454,1455,3743,4576,4537,5012,0.31032490730285645,0.8180725574493408,-0.6710865497589111,107.33174320917716,11.396970925388574
1599,741,307,471,322,821,2114,2626,2590,2926,0.23657196760177612,0.7788461446762085,-0.6922574043273926,107.42274254745847,11.460841142089473
2115,973,368,620,406,941,2576,3264,3461,3630,0.24139167368412018,0.7900180816650391,-0.696152925491333,107.36444188551911,11.416105040940321
2212,995,365,640,359,1017,3082,4026,4140,4445,0.30352646112442017,0.840408980846405,-0.73221755027771,107.21190795027562,11.404696436832003
1530,659,322,480,287,753,2189,2876,3006,3192,0.3253968358039856,0.8256908655166626,-0.7246127128601074,107.27532900933446,11.467937832834018
1640,769,317,456,313,838,2003,2528,2497,2796,0.20715494453907013,0.7772241830825806,-0.6911615133285522,107.41977810702087,11.452486809947162
2001,911,362,571,343,956,2673,3431,3271,3866,0.24089530110359192,0.8101826310157776,-0.7027589678764343,107.33758225852394,11.41835082915062
1695,769,341,542,330,865,2406,3030,3163,3364,0.3021819591522217,0.8110506534576416,-0.7074223756790161,107.23436583237861,11.464524234754363
1848,864,337,479,293,897,2577,3240,2873,3610,0.21711501479148865,0.8149083852767944,-0.714200496673584,107.22888610914548,11.439101912213781
1658,769,298,479,267,754,1894,2369,2332,2709,0.1689223051071167,0.7945363521575928,-0.6591960191726685,107.39839820325884,11.464703897811187
2070,951,321,514,324,858,2158,2750,2836,3105,0.15613535046577454,0.7949367165565491,-0.6931343078613281,107.21738767350875,11.534502995387275
2089,945,258,503,275,934,2756,3503,3412,3908,0.24050173163414001,0.8508272171020508,-0.743039608001709,107.50439940678494,11.769861599826589
441,291,453,568,492,563,494,539,546,480,0.10638298094272614,0.05202312022447586,0.01974865421652794,107.40217112745214,11.756027544451149
1844,797,339,547,351,969,2814,3550,3243,3923,0.2750147581100464,0.8046744465827942,-0.7113456726074219,107.21056047734945,11.498390720965668
2017,945,302,602,369,941,2952,3756,3972,4180,0.3264317810535431,0.8299930691719055,-0.7367730736732483,107.40064399146914,11.721711900597782
1823,812,335,493,295,877,2617,3263,2974,3611,0.23994162678718567,0.819516658782959,-0.7156042456626892,107.34171450883089,11.388796256303088
1848,805,300,487,290,711,2270,2962,3017,3363,0.24028776586055756,0.8246144652366638,-0.7220319509506226,107.32877876873957,11.644456786163504
1800,833,315,518,337,879,2397,2978,2940,3340,0.2405063360929489,0.7943241000175476,-0.7004048824310303,107.33246186140445,11.504768759482918
2060,959,372,606,410,981,2657,3378,3720,3747,0.2871972322463989,0.8014527559280396,-0.7198335528373718,107.46190909384609,11.486173633101643
1788,785,322,552,326,847,2453,3077,3295,3404,0.2964784502983093,0.8199392557144165,-0.7130231261253357,107.35941131992804,11.415027062599377
2027,881,312,606,348,968,2947,3718,4053,4089,0.3332236707210541,0.8418540954589844,-0.7398583292961121,107.3733352068319,11.71425588373959
2200,1008,411,678,461,1101,2968,3977,4135,4374,0.30544593930244446,0.7993907928466797,-0.7182630300521851,107.37683863643997,11.765729349519638
1575,630,248,472,248,851,2624,3310,3359,3603,0.3615727722644806,0.8624895811080933,-0.7535891532897949,107.53503195797342,11.73994770086541
2952,1858,475,756,810,1410,2308,2708,2819,3019,-0.02304626628756523,0.553596019744873,-0.5770629644393921,107.45948364257896,11.730605221910565
1617,709,340,527,360,836,2454,3108,3329,3424,0.3461382985115051,0.8048251271247864,-0.7266597747802734,107.19654675891718,11.39346749578051
1746,800,409,609,493,1002,2268,2893,3131,3286,0.28398606181144714,0.7279249429702759,-0.674331545829773,107.41627467741282,11.452217315361926
2109,950,380,612,390,926,2553,3345,3721,3737,0.2765008509159088,0.8102651238441467,-0.7175167202949524,107.30605139205134,11.656224716385468
1954,892,390,606,395,905,2344,2941,3321,3376,0.25914692878723145,0.787405788898468,-0.6913674473762512,107.20651805857091,11.377477483723181
1810,833,344,524,340,891,2241,2738,2780,3095,0.21132898330688477,0.7820512652397156,-0.6828086972236633,107.38573195775275,11.433352694395415
2529,1263,393,628,420,1055,2787,3558,3692,3954,0.18694743514060974,0.7957198619842529,-0.7092592716217041,107.34737389512084,11.676167315692922
1688,814,318,464,324,806,2069,2599,2338,2923,0.1614505648612976,0.7565739750862122,-0.6688079833984375,107.19537894904782,11.483927844891344
2331,1261,530,689,692,1247,2381,2869,3063,3393,0.1357063353061676,0.6314247846603394,-0.6327292323112488,107.24927786609499,11.431645895355588
1697,737,336,454,298,746,2097,2779,2523,3143,0.19573459029197693,0.7887274026870728,-0.6949949860572815,107.21774699962239,11.516087532062823
3635,2290,644,946,1120,1665,2282,2603,2766,2982,-0.13576003909111023,0.42357179522514343,-0.4903017282485962,107.48221101926718,11.754500408468145
1755,766,337,565,352,928,2649,3363,3389,3714,0.317651629447937,0.8118150234222412,-0.7142134308815002,107.22780813080453,11.407391382684361
1440,649,326,480,330,692,2126,2705,2815,2930,0.3231492340564728,0.7901430726051331,-0.7086494565010071,107.2455947734301,11.378016472893654
1874,837,328,513,328,882,2497,3220,3183,3553,0.2588491141796112,0.8131586313247681,-0.7224025726318359,107.31027347388671,11.437664607759189
1955,818,346,562,302,955,3074,3946,4154,4329,0.3599607050418854,0.8644524216651917,-0.7616624236106873,107.28368334147677,11.452756304532397
1528,658,294,506,278,793,2452,3102,3552,3444,0.3984251916408539,0.854830265045166,-0.7506160736083984,107.3147650503073,11.431106906185116
2137,984,423,662,418,984,2493,3127,3432,3513,0.23253725469112396,0.7828571200370789,-0.67659991979599,107.22295722827029,11.376579168439061
1894,929,345,578,429,1064,2602,3250,3261,3586,0.26517942547798157,0.767479658126831,-0.6988798975944519,107.36075879285423,11.680928386698756
2019,913,243,482,276,886,2449,3027,3152,3350,0.2191065549850464,0.8389731645584106,-0.7347275614738464,107.53610993631436,11.726023813961556
2327,1121,493,678,485,1195,2995,3594,3559,3933,0.20931023359298706,0.7601384520530701,-0.6799622178077698,107.17579567585402,11.553726942467431
1949,932,360,586,398,919,2505,3141,3157,3482,0.23658441007137299,0.7760900259017944,-0.6868821978569031,107.40001517077025,11.402540480150115
1839,848,340,516,331,811,2262,2882,3228,3242,0.27412670850753784,0.8139926791191101,-0.7243589758872986,107.27784429213,11.409367676309424
1526,647,265,407,259,770,2291,2901,2685,3193,0.2752315402030945,0.8240489363670349,-0.736739993095398,107.48733141638667,11.739229048638112
2445,1113,516,794,682,1187,3175,4063,3948,4501,0.2351008951663971,0.7053995728492737,-0.6651201844215393,107.37674880491156,11.669699445647261
1929,862,346,561,354,880,2400,3092,3161,3388,0.24204322695732117,0.7985775470733643,-0.6985491514205933,107.28332401536312,11.463086930299772
1691,772,319,512,317,838,2377,2970,3015,3343,0.2813429534435272,0.8097239136695862,-0.7096682786941528,107.2680526555331,11.472878566896675
2032,959,399,644,396,1003,2557,3242,3457,3589,0.259610116481781,0.7944458723068237,-0.6859302520751953,107.4619989253745,11.477639637902508
1718,792,362,560,356,857,2230,2801,2990,3135,0.2701784074306488,0.787208616733551,-0.6845070719718933,107.37387419600238,11.450780010907334
1803,827,366,600,372,814,2162,2643,3353,3018,0.3006206452846527,0.8002684712409973,-0.6964330673217773,107.23418616932179,11.517255341932179
2147,966,418,683,428,979,2873,3729,4101,4134,0.3127400875091553,0.8109958171844482,-0.7144649028778076,107.27946125964141,11.661165450448125
1821,792,226,449,236,787,2595,3210,3404,3528,0.30296650528907776,0.8703296780586243,-0.766934871673584,107.43909188562945,11.73267134706404
1642,701,287,478,261,827,2491,3254,3313,3526,0.33723512291908264,0.8539451360702515,-0.7478237748146057,107.31745999615967,11.4234712262701
1641,670,296,608,296,1025,3053,3738,4028,4032,0.4210619032382965,0.8630897402763367,-0.7377049326896667,107.50898081473395,11.73815107029717
2284,1086,362,575,388,968,2378,3021,3239,3464,0.17291326820850372,0.7860490679740906,-0.6984792947769165,107.25197281194735,11.4993788677782
1558,654,284,535,277,798,2559,3209,3558,3509,0.3909304141998291,0.8555410504341125,-0.7385780811309814,107.40675253540114,11.717399987234009
2255,1035,381,646,388,1045,2732,3402,3445,3801,0.20877192914485931,0.7975476384162903,-0.6841847896575928,107.26553737273755,11.520040119312949
1803,803,372,573,360,846,2380,3050,3184,3449,0.27691999077796936,0.796839714050293,-0.6949694156646729,107.20912317289485,11.526597820887021
2045,924,275,566,290,960,2735,3443,3948,3891,0.3175371289253235,0.8631429672241211,-0.7492246627807617,107.4229222105153,11.733479830819748
1762,729,336,535,294,892,2708,3452,3416,3772,0.31942835450172424,0.8415094614028931,-0.7291824817657471,107.30093099493186,11.397959072201106
1671,717,327,550,332,931,2626,3305,3377,3615,0.33795562386512756,0.8209760189056396,-0.7198879718780518,107.29985301659092,11.641761840311144
2104,969,343,538,329,896,2353,3047,2990,3454,0.1739301085472107,0.8017475008964539,-0.69501131772995,107.20732654232661,11.53288602787586
1981,970,331,518,411,843,2004,2484,2322,2785,0.07924703508615494,0.6992316246032715,-0.6352112889289856,107.40576438858861,11.409727002423072
1785,807,258,488,304,798,2244,2688,2823,3114,0.2252604216337204,0.8055644631385803,-0.7052249908447266,107.49092467752314,11.776239638343837
1722,815,322,520,339,941,2345,2917,3043,3270,0.27722978591918945,0.7995269298553467,-0.7081111669540405,107.4245391780267,11.50485859101133
1770,844,333,529,339,870,2345,2893,2957,3194,0.25111064314842224,0.794296145439148,-0.696500301361084,107.38627094692322,11.493719481488247
2134,1061,411,626,423,1033,2582,3242,3200,3672,0.19985002279281616,0.7664918303489685,-0.67276531457901,107.22610133176471,11.42436954155422
2022,924,398,650,378,891,2630,3372,3835,3725,0.3095441460609436,0.8205554485321045,-0.7101449370384216,107.3763894787979,11.46434457169754
1905,882,344,562,358,874,2270,2904,3050,3276,0.23107971251010895,0.7899060845375061,-0.6888150572776794,107.25880000810666,11.505577243238625
2119,975,284,530,323,934,2444,3130,3465,3500,0.24104584753513336,0.8294614553451538,-0.7346683144569397,107.50987913001806,11.71147110635882
2135,998,336,558,360,971,2856,3600,3451,4044,0.23558896780014038,0.8110731840133667,-0.721626341342926,107.3222210671655,11.407750708798009
1999,879,277,558,286,908,2757,3498,3732,3829,0.30239051580429077,0.8576406240463257,-0.7398601174354553,107.4823008507956,11.72386785727967
1891,841,325,495,305,778,2283,2871,2754,3221,0.18579117953777313,0.8005884289741516,-0.6952908635139465,107.32725163275657,11.403798121547883
1898,834,352,569,350,901,2511,3202,3243,3566,0.26162225008010864,0.8051767349243164,-0.7014690637588501,107.19475012834894,11.526418157830198
1607,649,287,508,296,852,2621,3327,3580,3629,0.380374014377594,0.8472652435302734,-0.7514677047729492,107.363543570235,11.719466112387483
2022,868,342,552,320,822,2688,3581,3647,3981,0.28664666414260864,0.8386690020561218,-0.7370802760124207,107.25511691544177,11.453115630646046
2142,1024,382,634,400,975,2677,3304,3511,3811,0.24217230081558228,0.7954487204551697,-0.6940892934799194,107.32761095887021,11.397599746087458
1930,876,352,550,330,867,2424,3167,3372,3479,0.2719728350639343,0.8217179775238037,-0.7195308804512024,107.307937854148,11.393916653422568
1599,685,248,452,266,874,2438,3086,3046,3338,0.31151777505874634,0.8393719792366028,-0.7415665984153748,107.49128400363679,11.703296437273332
1610,694,298,452,270,750,2336,3003,2768,3291,0.2645043432712555,0.8222514986991882,-0.7192546725273132,107.338031416166,11.413050768974314
1854,885,388,556,398,864,2411,3092,3259,3485,0.2747897505760193,0.7823352217674255,-0.7085189819335938,107.23562347377637,11.472519240783027
1541,660,315,494,296,713,2129,2687,2742,3038,0.28041091561317444,0.8051349520683289,-0.6946848034858704,107.28494098287453,11.435059493435242
1580,691,254,456,241,742,2427,2956,3320,3160,0.3551020324230194,0.8646447658538818,-0.758474588394165,107.43145620571443,11.742462983660943
1799,788,229,458,264,743,2206,2787,3079,3048,0.26240262389183044,0.842058002948761,-0.7410234808921814,107.52083857648432,11.721083079898898
1851,876,344,578,357,942,2286,2807,3012,3174,0.23874151706695557,0.7880676984786987,-0.677994430065155,107.37504200587172,11.436586629418246
1747,856,431,593,547,1036,2247,2763,3041,3242,0.27025899291038513,0.6950947642326355,-0.673637866973877,107.38905572430399,11.47674132261839
2045,905,274,487,309,906,2627,3286,3285,3662,0.2326454073190689,0.8280467391014099,-0.7417815327644348,107.47646180144882,11.784144812844088
2099,906,369,602,312,1020,3029,3680,3780,4040,0.2859329879283905,0.8475073575973511,-0.725239634513855,107.21756733656558,11.553906605524256
1645,689,222,472,268,828,2485,3060,3376,3428,0.3447520434856415,0.8529089093208313,-0.7546777725219727,107.5018841239894,11.71515419902371
2226,1047,376,579,372,983,2519,3180,2955,3547,0.14070641994476318,0.7763751149177551,-0.6723259687423706,107.22951492984436,11.4911143671643
1749,792,296,462,272,760,2283,2966,3037,3287,0.2691182494163513,0.8355998992919922,-0.7359245419502258,107.18729411149074,11.375231695512882
585,313,465,607,458,485,629,671,753,746,0.12556053698062897,0.24360032379627228,-0.10735294222831726,107.28422233064724,11.700781154477797
1714,735,229,437,260,796,2434,3106,3116,3434,0.290269136428833,0.8459715843200684,-0.7540106773376465,107.50619603735318,11.741115510734764
2109,952,390,578,372,942,2683,3487,3484,3842,0.24584302306175232,0.8070539236068726,-0.7154111266136169,107.26499838356709,11.402360817093292
1804,812,406,532,344,806,2349,3003,3007,3340,0.25005197525024414,0.7946881651878357,-0.699350118637085,107.1682498274674,11.549864186745717
1552,670,274,493,266,783,2407,3040,3062,3398,0.32726484537124634,0.8401442170143127,-0.7226441502571106,107.41834080256629,11.72350853116602
2401,1147,454,695,499,1106,2535,3159,3363,3496,0.1668979823589325,0.7415846586227417,-0.6574667096138,107.24999651832229,11.536569120540749
2472,1124,376,642,416,1100,2816,3436,3488,3882,0.17046980559825897,0.7868852615356445,-0.6891041398048401,107.307937854148,11.699254018494795
1971,866,378,570,348,879,2503,3136,3286,3623,0.2501426637172699,0.8084754943847656,-0.704356849193573,107.31377690349477,11.732401852478805
1978,868,332,542,354,876,2536,3231,3367,3650,0.2598690390586853,0.8097285628318787,-0.7226912379264832,107.21693851586669,11.393826821894157
2021,928,350,565,324,855,2475,3122,3320,3452,0.24321287870407104,0.8221734166145325,-0.7091377377510071,107.3899540395881,11.521567255295952
1534,695,306,504,308,858,2200,2802,2867,2962,0.3028857111930847,0.8059842586517334,-0.7009789347648621,107.42804260763478,11.458775016935999
1601,706,326,472,299,765,2382,3063,2929,3374,0.2931567430496216,0.8147459626197815,-0.7224345803260803,107.31144128375607,11.415925377883497
1718,739,344,534,310,874,2580,3284,3552,3624,0.34800758957862854,0.8394614458084106,-0.7386196851730347,107.27209507431162,11.436945955531893
1961,930,349,530,368,915,2347,3035,3124,3427,0.22871190309524536,0.7892325520515442,-0.7099069356918335,107.33021607319417,11.739318880166525
1356,559,218,370,190,678,2279,2904,3052,3269,0.3847549855709076,0.8827884197235107,-0.7837522029876709,107.46693965943716,11.70644054076775
2043,970,349,602,374,989,2599,3300,3244,3626,0.2271609604358673,0.7932559251785278,-0.6869474649429321,107.26913063387403,11.472878566896675
1791,802,275,527,273,885,2556,3206,3475,3585,0.31978732347488403,0.8543223142623901,-0.7366316914558411,107.41483737295822,11.718747460160188
1414,601,221,384,201,675,2195,2734,2500,3004,0.2774655222892761,0.8511662483215332,-0.7337031960487366,107.48580428040366,11.769412442184528
1472,680,287,455,263,797,2017,2446,2410,2881,0.2416280210018158,0.803217351436615,-0.6823734641075134,107.38716926220734,11.497941563323609
1755,734,301,491,269,792,2469,3246,3336,3581,0.3105480372905731,0.8507628440856934,-0.7434021234512329,107.37980307687756,11.707159192995046
2459,1126,402,665,394,1108,3175,4012,4197,4419,0.2611177861690521,0.828359842300415,-0.7264500260353088,107.25628472531112,11.551121828143485
1627,693,302,525,318,911,2698,3406,3519,3760,0.3676642179489136,0.834245502948761,-0.7403560876846313,107.34683490595037,11.74228332060412
1835,833,291,510,296,895,2637,3399,3587,3762,0.32312798500061035,0.847540557384491,-0.7510373592376709,107.3747725112865,11.715962682779416
2312,1235,463,693,520,1004,2128,2441,2476,2681,0.03425229713320732,0.6528704762458801,-0.5626380443572998,107.3755809950422,11.484646497118641
1995,936,410,642,455,1006,2468,3139,3183,3446,0.22943221032619476,0.749862551689148,-0.6643137335777283,107.26670518260691,11.39580311551922
1844,922,314,484,344,891,2202,2779,2831,3136,0.21112298965454102,0.7833070755004883,-0.7079939842224121,107.42903075444731,11.429579770202114
1994,917,307,525,361,835,2152,2829,3063,3230,0.2113901525735855,0.7891355156898499,-0.7073578834533691,107.43469014073726,11.762495414496808
2145,1244,592,912,726,1386,2598,2977,2986,3196,0.16390566527843475,0.6088362336158752,-0.5320677161216736,107.26418989981137,11.511865450227463
1846,826,346,558,318,935,2646,3289,3303,3681,0.28296756744384766,0.8243579268455505,-0.7109557390213013,107.38168953897421,11.507463705335276
1696,753,318,526,290,835,2502,3165,3231,3507,0.3115486204624176,0.8352740406990051,-0.7199893593788147,107.23759976740143,11.393287832723685
1940,884,339,526,322,870,2390,3013,3113,3402,0.23213931918144226,0.8125181794166565,-0.7109096050262451,107.2951817771135,11.4850956547607
1829,779,350,601,319,905,2852,3709,4097,4066,0.3827202022075653,0.8555253744125366,-0.744146466255188,107.29275632584638,11.481053235982163
2084,982,315,583,346,963,2550,3207,3720,3624,0.28187456727027893,0.8298081755638123,-0.7290262579917908,107.39372696378142,11.750907147331667
1878,857,351,511,304,861,2452,3105,3192,3470,0.25917160511016846,0.8260869383811951,-0.7240075469017029,107.28296468924947,11.457607207066642
2754,1779,694,982,1090,1412,2335,2660,2736,2948,-0.0032786885276436806,0.4302143156528473,-0.47175902128219604,107.39678123574741,11.52740630464273
2144,990,438,661,423,996,2882,3553,3829,3858,0.2821027934551239,0.8010348081588745,-0.7055679559707642,107.34926035721749,11.67697579944863
2107,961,346,566,291,916,2384,3058,3018,3421,0.17775610089302063,0.824116051197052,-0.6841517686843872,107.19816372642859,11.406043909758182
2870,1805,513,818,1048,1415,2286,2699,2564,2986,-0.056312110275030136,0.4197120666503906,-0.5162625908851624,107.4433139674648,11.735995113615282
1616,731,323,504,304,881,2213,2852,2865,3133,0.27873241901397705,0.8081413507461548,-0.700801432132721,107.42256288440164,11.452127483833515
1803,858,418,610,440,987,2566,3192,2896,3556,0.23260268568992615,0.7362110018730164,-0.6520251035690308,107.19717557961606,11.52282489669372
2138,995,334,563,342,896,2546,3333,3484,3727,0.23941658437252045,0.8212231993675232,-0.7217692136764526,107.22313689132712,11.516536689704884
1578,636,337,577,296,893,2975,3923,4445,4209,0.4760086238384247,0.8751318454742432,-0.7702111005783081,107.3357856279557,11.656943368612765
2850,1528,487,778,634,1265,2189,2485,2536,2858,-0.05829929560422897,0.6000000238418579,-0.5304767489433289,107.35438075433697,11.481502393624222
1912,979,295,554,429,1070,2451,2939,3253,3215,0.2596321403980255,0.7669744491577148,-0.7089571952819824,107.47825843201706,11.755308892223852
1405,612,337,503,314,805,2380,3111,3228,3184,0.3934815526008606,0.8226990103721619,-0.7303671836853027,107.32482618148944,11.441078205838844
2103,1005,389,624,392,932,2592,3305,3344,3642,0.22783184051513672,0.7901498675346375,-0.6854838728904724,107.23247937028195,11.431466232298765
1699,739,307,483,272,833,2419,3101,3100,3422,0.29193583130836487,0.8386713862419128,-0.7303935289382935,107.32814994804069,11.450330853265275
1837,783,311,512,340,805,2502,3229,3463,3553,0.3067924380302429,0.8211938142776489,-0.7423899173736572,107.3320127037624,11.698804860852734
1718,742,376,579,346,887,2495,3112,3461,3464,0.3365514576435089,0.8182295560836792,-0.7133663296699524,107.22619116329312,11.482490540436753
1921,894,344,587,376,906,2288,2855,3064,3243,0.22928786277770996,0.7813953757286072,-0.6784442663192749,107.36758598901353,11.404426942246767
2098,939,344,547,355,943,2665,3412,3296,3847,0.22209863364696503,0.8055327534675598,-0.7153265476226807,107.23652178906049,11.560015149456268
1623,725,310,522,289,860,2392,2937,3100,3274,0.3127249777317047,0.8294482231140137,-0.711761474609375,107.43783424423168,11.476112501919506
2058,943,362,606,374,936,2561,3192,3416,3623,0.24808184802532196,0.8026385307312012,-0.6986573934555054,107.28422233064724,11.450780010907334
1475,607,246,486,258,826,2694,3411,3653,3727,0.4247269928455353,0.8680644631385803,-0.7651606798171997,107.45562088685725,11.705811720068867
2161,929,374,580,398,848,2253,2918,3185,3306,0.19154508411884308,0.7778397798538208,-0.6918990612030029,107.25960849186237,11.502702634329443
1655,708,258,510,261,774,2418,3184,3408,3459,0.3462374210357666,0.8577268719673157,-0.7396630644798279,107.47987539952847,11.75836316418986
1935,869,279,499,283,915,2550,3179,3000,3541,0.21580547094345093,0.8275967240333557,-0.7147756218910217,107.39525409976441,11.742373152132531
2215,1031,419,623,388,934,2752,3544,3618,3941,0.24052803218364716,0.8062905669212341,-0.7062013745307922,107.33524663878524,11.631521046072182
2003,945,332,490,300,840,2331,2897,2686,3260,0.14566005766391754,0.7990623116493225,-0.6914357542991638,107.32267022480755,11.513123091625229
1645,740,372,596,400,898,2537,3167,3648,3484,0.37842434644699097,0.8023715615272522,-0.7191329002380371,107.29536144017032,11.423830552383748
1669,1210,436,638,530,867,1278,1396,1576,1481,-0.028659475967288017,0.49667617678642273,-0.4236675798892975,107.34189417188772,11.476920985675212
2041,901,218,495,230,894,2797,3615,3727,3962,0.29230237007141113,0.883750319480896,-0.7655139565467834,107.53449296880294,11.724047520336493
2275,1019,358,614,360,1048,3087,3911,4008,4362,0.2758236527442932,0.8351648449897766,-0.7343141436576843,107.2884444124826,11.698804860852734
2249,1345,438,709,532,1091,1910,2228,2205,2401,-0.009878760203719139,0.6112532019615173,-0.513383686542511,107.35114681931415,11.487071948385763
1829,812,380,625,343,995,2907,3635,3953,3905,0.36734694242477417,0.8403165936470032,-0.726954996585846,107.29113935833496,11.428771286446405
1864,872,343,553,378,875,2184,2801,2873,3161,0.213004007935524,0.7674561738967896,-0.6771745681762695,107.3251855076031,11.640324535856553
2172,1000,363,594,395,991,2653,3375,3290,3796,0.20468692481517792,0.7856173515319824,-0.6941297650337219,107.24685241482787,11.50440943336927
2351,1068,448,727,453,1096,2870,3556,3487,3993,0.19458718597888947,0.7700507640838623,-0.6549596786499023,107.24298965910616,11.536838615125985
2217,1159,388,646,484,1027,2255,2780,2644,3078,0.08784200996160507,0.6905370950698853,-0.6072948575019836,107.33102455694987,11.476022670391092
1772,807,350,567,337,866,2450,3092,3516,3408,0.32980331778526306,0.825071394443512,-0.7222630381584167,107.40441691566244,11.451139337020981
1923,901,328,548,355,848,2305,2930,3087,3313,0.23233532905578613,0.7937245965003967,-0.6984869241714478,107.24676258329946,11.45194782077669
1619,715,298,443,281,733,2380,3035,3073,3348,0.30988916754722595,0.8324388861656189,-0.7480090856552124,107.21586053752574,11.48599397004482
2141,962,278,558,305,952,2784,3555,4053,3950,0.308685839176178,0.860027551651001,-0.7579700946807861,107.50242311315988,11.720544090728426
1612,739,263,433,278,803,2400,2995,2822,3305,0.2728912830352783,0.8206451535224915,-0.73394775390625,107.34881119957544,11.741654499905236
1871,863,380,596,389,901,2546,3112,3412,3445,0.29169031977653503,0.7953169941902161,-0.7025948166847229,107.36273508647929,11.385113163638197
1632,731,254,368,230,749,2182,2898,2518,3212,0.2134939730167389,0.8326055407524109,-0.744975745677948,107.23220987569673,11.378914788177772
1893,847,256,499,294,902,2720,3434,3587,3720,0.30912408232688904,0.8484926819801331,-0.755751371383667,107.51437070643867,11.74973933746231
2312,1292,427,716,614,1242,2723,3224,3444,3625,0.19666434824466705,0.6973878741264343,-0.6557692289352417,107.46092094703356,11.730335727325329
2247,961,376,526,306,867,3284,4223,4048,4535,0.2861000895500183,0.8594396114349365,-0.770004391670227,107.18882124747375,11.559476160285797
1934,814,320,592,346,1057,3199,4086,4052,4331,0.3538255989551544,0.8426557779312134,-0.745047390460968,107.49882985202339,11.761417436155865
1800,805,313,454,289,795,2311,3026,2617,3362,0.18496717512607574,0.8011011481285095,-0.7043308615684509,107.34135518271724,11.410176160065133
2012,958,370,550,369,885,2293,2912,3049,3257,0.20490022003650665,0.7840842604637146,-0.694359540939331,107.24128286006633,11.484826160175464
1722,754,246,448,268,883,2493,3139,3004,3503,0.27126532793045044,0.8361858129501343,-0.740440309047699,107.36300458106453,11.718208470989715
2287,1067,332,540,353,967,2694,3412,3049,3826,0.1428035944700241,0.7924749851226807,-0.6990805268287659,107.2936546411305,11.710842285659936
1909,827,374,514,326,907,2513,3230,3066,3642,0.2325628101825714,0.8077830076217651,-0.7128491401672363,107.31350740890954,11.478448121658216
1770,825,344,524,350,886,2253,2761,2846,3106,0.2331022471189499,0.7809762358665466,-0.6890207529067993,107.3470145690072,11.451319000077806
1477,605,236,429,238,803,2460,3043,3079,3413,0.3516242206096649,0.8564968109130859,-0.755416214466095,107.45589038144249,11.716501671949889
1469,654,297,472,260,741,2179,2770,2979,3089,0.33947840332984924,0.8394566178321838,-0.7264561057090759,107.24209134382204,11.481771888209458
2124,1017,384,644,421,938,2256,2784,3188,3101,0.20030120015144348,0.7666943669319153,-0.6638830900192261,107.44466144039099,11.50485859101133
2228,1008,409,669,422,975,2502,3163,3452,3537,0.21549296379089355,0.7821373343467712,-0.6753215193748474,107.23373701167972,11.503780612670386
1520,650,332,470,313,816,2354,2933,2655,3207,0.27185627818107605,0.7890835404396057,-0.6991999745368958,107.2147825591848,11.401193007223936
1998,894,381,602,368,937,2788,3528,3897,3897,0.32213741540908813,0.8274325728416443,-0.732384979724884,107.34674507442196,11.651553476908047
1828,913,350,629,403,1065,2529,2997,3086,3341,0.2560032606124878,0.7689882516860962,-0.6613728404045105,107.39507443670759,11.765729349519638
2162,992,320,558,349,961,2928,3752,3416,4141,0.22481176257133484,0.8146082162857056,-0.7191746234893799,107.39561342587807,11.759171647945566
1945,886,305,508,321,905,2500,3168,2986,3475,0.2111133635044098,0.8058663606643677,-0.7092158198356628,107.31350740890954,11.709584644262168
2263,1007,326,621,363,1026,2942,3778,4113,4053,0.29015055298805237,0.8378016352653503,-0.7376425862312317,107.5011654717621,11.763842887422987
1544,750,369,529,470,854,1949,2421,2691,2775,0.27083826065063477,0.7026257514953613,-0.6714285612106323,107.44034952702721,11.487970263669883
2092,979,365,579,371,936,2470,3121,3154,3524,0.20243994891643524,0.7895035743713379,-0.6897937059402466,107.24280999604933,11.433352694395415
2304,1150,401,643,452,1037,2387,2955,3093,3317,0.14619232714176178,0.7449929714202881,-0.6557815670967102,107.17687365419496,11.54303699058641
1709,745,314,502,308,815,2552,3334,3440,3717,0.33618178963661194,0.8356456756591797,-0.7453069686889648,107.2380489250435,11.453205462174457
1983,899,320,581,329,906,2425,3088,3312,3422,0.25099149346351624,0.8192804455757141,-0.7015155553817749,107.309464990131,11.47638199650474
1930,928,349,560,388,919,2298,2838,2879,3147,0.19733832776546478,0.7624732255935669,-0.6743239164352417,107.42885109139048,11.431735726884
1413,607,307,468,272,701,2142,2707,2923,2985,0.348247230052948,0.8297339677810669,-0.7239752411842346,107.28134772173806,11.475932838862681
1656,749,379,575,322,983,2651,3274,3293,3540,0.33077389001846313,0.8218533992767334,-0.7026887536048889,107.1734600561153,11.525789337131314
1661,740,330,481,333,803,2215,2865,2746,3145,0.24619923532009125,0.7836959958076477,-0.7018902897834778,107.19816372642859,11.400564186525052
1602,739,327,494,334,721,1938,2553,2776,2876,0.2681589722633362,0.7852090001106262,-0.6978593468666077,107.26374074216932,11.46721918060672
1606,757,338,483,316,765,2178,2781,2908,3017,0.2884359657764435,0.803970217704773,-0.7151283025741577,107.25826101893618,11.44592910837309
1680,749,336,504,301,810,2350,3044,3158,3374,0.3054981529712677,0.8259612321853638,-0.7247405648231506,107.28925289623831,11.484287171004992
2076,909,308,632,364,1028,2682,3276,3404,3666,0.24233576655387878,0.8067940473556519,-0.6868186593055725,107.48292967149447,11.786210937997563
1852,855,326,534,315,836,2247,2949,3073,3297,0.24791878461837769,0.8140496015548706,-0.7039090394973755,107.22062160853157,11.440539216668371
1777,872,362,542,436,918,2052,2524,2607,2893,0.18932481110095978,0.7134406566619873,-0.6557637453079224,107.36480121163277,11.439191743742192
2204,1012,346,592,340,1055,2926,3700,3440,4084,0.21899361908435822,0.820105791091919,-0.7063491940498352,107.3996558446566,11.723328868109197
1504,636,299,452,271,765,2222,2883,2782,3101,0.29818013310432434,0.8224697113037109,-0.7204700112342834,107.2080451945539,11.52426220114831
